Naive,LSTM,Prophet,SARIMAX
9.926894743389442e-55,3.499167898782264e-20,2.9699317594053136e-08,5.15211163058438e-27
