Naive,LSTM,Prophet,SARIMAX
6.673379848132109e-50,3.35330131952896e-40,5.789088112300962e-22,7.987865487160319e-26
