Naive,LSTM,Prophet,SARIMAX
1.9829602208544052e-57,1.3821720898656334e-27,5.459370699593698e-13,2.1928283815341977e-22
