Naive,LSTM,Prophet,SARIMAX
2.9362859518851376e-13,1.0198504168947068e-12,6.953780178376775e-07,2.751889003601171e-08
