Naive,LSTM,Prophet,SARIMAX
7.706470800119537e-15,2.5754560752730297e-13,4.5965942246745506e-08,1.1882108573464215e-08
