Naive,LSTM,Prophet,SARIMAX
9.119308578323479e-13,3.914604498975441e-10,2.4727838987623436e-09,1.6393600706715554e-06
